{
    "answer_plus_score": 0.4100000000000001,
    "answer_minus_score": 0.42300000000000004
}