{
    "answer_plus_score": 0.43599999999999994,
    "answer_minus_score": 0.43599999999999994
}