{"answer_plus_score": 33.66834170854271, "answer_minus_score": 35.7286432160804}