{"answer_plus_score": 35.30456852791878, "answer_minus_score": 36.776649746192895}