{"answer_plus_score": 0.34699999999999986, "answer_minus_score": 0.32949999999999996}