{"answer_plus_score": 0.40549999999999997, "answer_minus_score": 0.4685000000000001}