{"answer_plus_score": 0.5275000000000001, "answer_minus_score": 0.5405000000000001}