{"answer_plus_score": 0.5499999999999999, "answer_minus_score": 0.5635000000000001}