{"answer_plus_score": 0.49000000000000016, "answer_minus_score": 0.5225000000000002}