{"answer_plus_score": 32.271794871794874, "answer_minus_score": 32.11794871794872}