{"answer_plus_score": 23.877005347593585, "answer_minus_score": 29.46524064171123}