{"answer_plus_score": 0.1345, "answer_minus_score": 0.23725000000000004, "default_answer_score": 0.21025000000000013}