{
    "answer_plus_score": 0.14699999999999996,
    "answer_minus_score": 0.32800000000000007,
    "default_answer_score": 0.25500000000000006
}