{"answer_plus_score": 0.19400000000000003, "answer_minus_score": 0.36599999999999994, "default_answer_score": 0.288}