{"answer_plus_score": 0.12550000000000006, "answer_minus_score": 0.23400000000000012, "default_answer_score": 0.1855000000000001}