{"answer_plus_score": 0.17625000000000007, "answer_minus_score": 0.2205, "default_answer_score": 0.19250000000000006}