{"answer_plus_score": 0.14575000000000002, "answer_minus_score": 0.2537500000000001, "default_answer_score": 0.22500000000000006}