{
    "answer_plus_score": 0.19150000000000003,
    "answer_minus_score": 0.17950000000000002,
    "default_answer_score": 0.18525000000000003
}