{
    "answer_plus_score": 0.21060000000000006,
    "answer_minus_score": 0.25399999999999995,
    "default_answer_score": 0.2919999999999999
}