{"answer_plus_score": 32.13448275862069, "answer_minus_score": 33.46551724137931}