{"answer_plus_score": 46.3963963963964, "answer_minus_score": 65.990990990991}