{"answer_plus_score": 24.867924528301888, "answer_minus_score": 31.135220125786162}