{"answer_plus_score": 33.84421052631579, "answer_minus_score": 34.18526315789474}