{"answer_plus_score": 69.13333333333334, "answer_minus_score": 69.76666666666667}