{"answer_plus_score": 31.5635593220339, "answer_minus_score": 34.13135593220339}