{"answer_plus_score": 59.81781376518219, "answer_minus_score": 62.65182186234818}