{"answer_plus_score": 67.75510204081633, "answer_minus_score": 67.14285714285714}