{"answer_plus_score": 28.26530612244898, "answer_minus_score": 28.46938775510204}