{"answer_plus_score": 32.807106598984774, "answer_minus_score": 32.401015228426395}