{"answer_plus_score": 24.740932642487046, "answer_minus_score": 27.150259067357513}