{"answer_plus_score": 28.08080808080808, "answer_minus_score": 28.98989898989899}