{"answer_plus_score": 16.49484536082474, "answer_minus_score": 28.711340206185568}