{"answer_plus_score": 28.635416666666668, "answer_minus_score": 28.046875}