{"answer_plus_score": 24.44736842105263, "answer_minus_score": 27.42105263157895}