{"answer_plus_score": 29.78723404255319, "answer_minus_score": 29.148936170212767}