{"answer_plus_score": 31.586387434554975, "answer_minus_score": 31.020942408376964}