{"answer_plus_score": 25.810526315789474, "answer_minus_score": 28.768421052631577}