{"answer_plus_score": 33.229166666666664, "answer_minus_score": 32.734375}