{"answer_plus_score": 24.157894736842106, "answer_minus_score": 28.473684210526315}