{"answer_plus_score": 31.761904761904763, "answer_minus_score": 29.70899470899471}