{"answer_plus_score": 32.87244897959184, "answer_minus_score": 32.66836734693877}