{"answer_plus_score": 33.25396825396825, "answer_minus_score": 33.65079365079365}