{"answer_plus_score": 31.693121693121693, "answer_minus_score": 32.53968253968254}