{"answer_plus_score": 14.479166666666666, "answer_minus_score": 27.65625}