{"answer_plus_score": 26.33684210526316, "answer_minus_score": 25.71578947368421}